"id","n","label","parent"
"total",119068,NA,NA
"total",677,"total","total"
"total  -  Action",17207,"Action","total"
"total  -  Adventure",10941,"Adventure","total"
"total  -  Animation",3677,"Animation","total"
"total  -  Biography",35,"Biography","total"
"total  -  Comedy",17067,"Comedy","total"
"total  -  Crime",12529,"Crime","total"
"total  -  Drama",30144,"Drama","total"
"total  -  Family",350,"Family","total"
"total  -  Fantasy",4416,"Fantasy","total"
"total  -  Horror",544,"Horror","total"
"total  -  Music",163,"Music","total"
"total  -  Mystery",4473,"Mystery","total"
"total  -  Romance",8869,"Romance","total"
"total  -  Sci Fi",1194,"Sci Fi","total"
"total  -  Thriller",6782,"Thriller","total"
"total  -  Western",677,"Western","total"
"total  -  Action  -  Argentina",128,"Argentina","total  -  Action"
"total  -  Adventure  -  Argentina",103,"Argentina","total  -  Adventure"
"total  -  Animation  -  Argentina",56,"Argentina","total  -  Animation"
"total  -  Comedy  -  Argentina",175,"Argentina","total  -  Comedy"
"total  -  Crime  -  Argentina",139,"Argentina","total  -  Crime"
"total  -  Drama  -  Argentina",360,"Argentina","total  -  Drama"
"total  -  Music  -  Argentina",35,"Argentina","total  -  Music"
"total  -  Mystery  -  Argentina",55,"Argentina","total  -  Mystery"
"total  -  Romance  -  Argentina",102,"Argentina","total  -  Romance"
"total  -  Thriller  -  Argentina",90,"Argentina","total  -  Thriller"
"total  -  Action  -  Australia",181,"Australia","total  -  Action"
"total  -  Adventure  -  Australia",131,"Australia","total  -  Adventure"
"total  -  Animation  -  Australia",51,"Australia","total  -  Animation"
"total  -  Comedy  -  Australia",176,"Australia","total  -  Comedy"
"total  -  Crime  -  Australia",135,"Australia","total  -  Crime"
"total  -  Drama  -  Australia",296,"Australia","total  -  Drama"
"total  -  Fantasy  -  Australia",58,"Australia","total  -  Fantasy"
"total  -  Mystery  -  Australia",51,"Australia","total  -  Mystery"
"total  -  Romance  -  Australia",71,"Australia","total  -  Romance"
"total  -  Sci Fi  -  Australia",52,"Australia","total  -  Sci Fi"
"total  -  Thriller  -  Australia",58,"Australia","total  -  Thriller"
"total  -  Action  -  Austria",191,"Austria","total  -  Action"
"total  -  Adventure  -  Austria",140,"Austria","total  -  Adventure"
"total  -  Comedy  -  Austria",185,"Austria","total  -  Comedy"
"total  -  Crime  -  Austria",156,"Austria","total  -  Crime"
"total  -  Drama  -  Austria",310,"Austria","total  -  Drama"
"total  -  Family  -  Austria",47,"Austria","total  -  Family"
"total  -  Fantasy  -  Austria",68,"Austria","total  -  Fantasy"
"total  -  Mystery  -  Austria",58,"Austria","total  -  Mystery"
"total  -  Romance  -  Austria",84,"Austria","total  -  Romance"
"total  -  Thriller  -  Austria",78,"Austria","total  -  Thriller"
"total  -  Action  -  Bahamas",179,"Bahamas","total  -  Action"
"total  -  Adventure  -  Bahamas",104,"Bahamas","total  -  Adventure"
"total  -  Animation  -  Bahamas",76,"Bahamas","total  -  Animation"
"total  -  Comedy  -  Bahamas",181,"Bahamas","total  -  Comedy"
"total  -  Crime  -  Bahamas",147,"Bahamas","total  -  Crime"
"total  -  Drama  -  Bahamas",286,"Bahamas","total  -  Drama"
"total  -  Family  -  Bahamas",47,"Bahamas","total  -  Family"
"total  -  Fantasy  -  Bahamas",42,"Bahamas","total  -  Fantasy"
"total  -  Romance  -  Bahamas",65,"Bahamas","total  -  Romance"
"total  -  Thriller  -  Bahamas",105,"Bahamas","total  -  Thriller"
"total  -  Action  -  Bahrain",199,"Bahrain","total  -  Action"
"total  -  Adventure  -  Bahrain",114,"Bahrain","total  -  Adventure"
"total  -  Comedy  -  Bahrain",165,"Bahrain","total  -  Comedy"
"total  -  Crime  -  Bahrain",132,"Bahrain","total  -  Crime"
"total  -  Drama  -  Bahrain",321,"Bahrain","total  -  Drama"
"total  -  Fantasy  -  Bahrain",54,"Bahrain","total  -  Fantasy"
"total  -  Horror  -  Bahrain",36,"Bahrain","total  -  Horror"
"total  -  Mystery  -  Bahrain",51,"Bahrain","total  -  Mystery"
"total  -  Romance  -  Bahrain",85,"Bahrain","total  -  Romance"
"total  -  Thriller  -  Bahrain",82,"Bahrain","total  -  Thriller"
"total  -  Action  -  Bangladesh",218,"Bangladesh","total  -  Action"
"total  -  Adventure  -  Bangladesh",92,"Bangladesh","total  -  Adventure"
"total  -  Comedy  -  Bangladesh",180,"Bangladesh","total  -  Comedy"
"total  -  Crime  -  Bangladesh",164,"Bangladesh","total  -  Crime"
"total  -  Drama  -  Bangladesh",367,"Bangladesh","total  -  Drama"
"total  -  Fantasy  -  Bangladesh",38,"Bangladesh","total  -  Fantasy"
"total  -  Mystery  -  Bangladesh",89,"Bangladesh","total  -  Mystery"
"total  -  Romance  -  Bangladesh",102,"Bangladesh","total  -  Romance"
"total  -  Sci Fi  -  Bangladesh",40,"Bangladesh","total  -  Sci Fi"
"total  -  Thriller  -  Bangladesh",72,"Bangladesh","total  -  Thriller"
"total  -  Action  -  Belgium",195,"Belgium","total  -  Action"
"total  -  Adventure  -  Belgium",137,"Belgium","total  -  Adventure"
"total  -  Animation  -  Belgium",54,"Belgium","total  -  Animation"
"total  -  Comedy  -  Belgium",189,"Belgium","total  -  Comedy"
"total  -  Crime  -  Belgium",133,"Belgium","total  -  Crime"
"total  -  Drama  -  Belgium",315,"Belgium","total  -  Drama"
"total  -  Fantasy  -  Belgium",67,"Belgium","total  -  Fantasy"
"total  -  Mystery  -  Belgium",48,"Belgium","total  -  Mystery"
"total  -  Romance  -  Belgium",82,"Belgium","total  -  Romance"
"total  -  Thriller  -  Belgium",67,"Belgium","total  -  Thriller"
"total  -  Action  -  Bolivia",155,"Bolivia","total  -  Action"
"total  -  Adventure  -  Bolivia",140,"Bolivia","total  -  Adventure"
"total  -  Animation  -  Bolivia",98,"Bolivia","total  -  Animation"
"total  -  Comedy  -  Bolivia",224,"Bolivia","total  -  Comedy"
"total  -  Crime  -  Bolivia",90,"Bolivia","total  -  Crime"
"total  -  Drama  -  Bolivia",266,"Bolivia","total  -  Drama"
"total  -  Fantasy  -  Bolivia",41,"Bolivia","total  -  Fantasy"
"total  -  Mystery  -  Bolivia",41,"Bolivia","total  -  Mystery"
"total  -  Romance  -  Bolivia",111,"Bolivia","total  -  Romance"
"total  -  Thriller  -  Bolivia",57,"Bolivia","total  -  Thriller"
"total  -  Action  -  Brazil",159,"Brazil","total  -  Action"
"total  -  Adventure  -  Brazil",188,"Brazil","total  -  Adventure"
"total  -  Animation  -  Brazil",72,"Brazil","total  -  Animation"
"total  -  Comedy  -  Brazil",178,"Brazil","total  -  Comedy"
"total  -  Crime  -  Brazil",118,"Brazil","total  -  Crime"
"total  -  Drama  -  Brazil",267,"Brazil","total  -  Drama"
"total  -  Family  -  Brazil",74,"Brazil","total  -  Family"
"total  -  Fantasy  -  Brazil",40,"Brazil","total  -  Fantasy"
"total  -  Music  -  Brazil",40,"Brazil","total  -  Music"
"total  -  Mystery  -  Brazil",40,"Brazil","total  -  Mystery"
"total  -  Romance  -  Brazil",117,"Brazil","total  -  Romance"
"total  -  Thriller  -  Brazil",62,"Brazil","total  -  Thriller"
"total  -  Action  -  Bulgaria",214,"Bulgaria","total  -  Action"
"total  -  Adventure  -  Bulgaria",128,"Bulgaria","total  -  Adventure"
"total  -  Animation  -  Bulgaria",49,"Bulgaria","total  -  Animation"
"total  -  Comedy  -  Bulgaria",185,"Bulgaria","total  -  Comedy"
"total  -  Crime  -  Bulgaria",123,"Bulgaria","total  -  Crime"
"total  -  Drama  -  Bulgaria",316,"Bulgaria","total  -  Drama"
"total  -  Fantasy  -  Bulgaria",55,"Bulgaria","total  -  Fantasy"
"total  -  Mystery  -  Bulgaria",42,"Bulgaria","total  -  Mystery"
"total  -  Romance  -  Bulgaria",99,"Bulgaria","total  -  Romance"
"total  -  Thriller  -  Bulgaria",61,"Bulgaria","total  -  Thriller"
"total  -  Action  -  Canada",172,"Canada","total  -  Action"
"total  -  Adventure  -  Canada",105,"Canada","total  -  Adventure"
"total  -  Animation  -  Canada",54,"Canada","total  -  Animation"
"total  -  Comedy  -  Canada",184,"Canada","total  -  Comedy"
"total  -  Crime  -  Canada",146,"Canada","total  -  Crime"
"total  -  Drama  -  Canada",289,"Canada","total  -  Drama"
"total  -  Fantasy  -  Canada",41,"Canada","total  -  Fantasy"
"total  -  Mystery  -  Canada",54,"Canada","total  -  Mystery"
"total  -  Romance  -  Canada",76,"Canada","total  -  Romance"
"total  -  Thriller  -  Canada",76,"Canada","total  -  Thriller"
"total  -  Action  -  Chile",127,"Chile","total  -  Action"
"total  -  Adventure  -  Chile",122,"Chile","total  -  Adventure"
"total  -  Animation  -  Chile",74,"Chile","total  -  Animation"
"total  -  Comedy  -  Chile",205,"Chile","total  -  Comedy"
"total  -  Crime  -  Chile",103,"Chile","total  -  Crime"
"total  -  Drama  -  Chile",328,"Chile","total  -  Drama"
"total  -  Fantasy  -  Chile",37,"Chile","total  -  Fantasy"
"total  -  Mystery  -  Chile",40,"Chile","total  -  Mystery"
"total  -  Romance  -  Chile",124,"Chile","total  -  Romance"
"total  -  Thriller  -  Chile",68,"Chile","total  -  Thriller"
"total  -  Action  -  Colombia",138,"Colombia","total  -  Action"
"total  -  Adventure  -  Colombia",108,"Colombia","total  -  Adventure"
"total  -  Animation  -  Colombia",61,"Colombia","total  -  Animation"
"total  -  Comedy  -  Colombia",197,"Colombia","total  -  Comedy"
"total  -  Crime  -  Colombia",111,"Colombia","total  -  Crime"
"total  -  Drama  -  Colombia",279,"Colombia","total  -  Drama"
"total  -  Fantasy  -  Colombia",40,"Colombia","total  -  Fantasy"
"total  -  Mystery  -  Colombia",42,"Colombia","total  -  Mystery"
"total  -  Romance  -  Colombia",113,"Colombia","total  -  Romance"
"total  -  Thriller  -  Colombia",80,"Colombia","total  -  Thriller"
"total  -  Action  -  Costa Rica",116,"Costa Rica","total  -  Action"
"total  -  Adventure  -  Costa Rica",96,"Costa Rica","total  -  Adventure"
"total  -  Animation  -  Costa Rica",61,"Costa Rica","total  -  Animation"
"total  -  Comedy  -  Costa Rica",210,"Costa Rica","total  -  Comedy"
"total  -  Crime  -  Costa Rica",100,"Costa Rica","total  -  Crime"
"total  -  Drama  -  Costa Rica",317,"Costa Rica","total  -  Drama"
"total  -  Fantasy  -  Costa Rica",36,"Costa Rica","total  -  Fantasy"
"total  -  Mystery  -  Costa Rica",38,"Costa Rica","total  -  Mystery"
"total  -  Romance  -  Costa Rica",132,"Costa Rica","total  -  Romance"
"total  -  Thriller  -  Costa Rica",76,"Costa Rica","total  -  Thriller"
"total  -  Action  -  Croatia",171,"Croatia","total  -  Action"
"total  -  Adventure  -  Croatia",115,"Croatia","total  -  Adventure"
"total  -  Animation  -  Croatia",53,"Croatia","total  -  Animation"
"total  -  Comedy  -  Croatia",199,"Croatia","total  -  Comedy"
"total  -  Crime  -  Croatia",128,"Croatia","total  -  Crime"
"total  -  Drama  -  Croatia",302,"Croatia","total  -  Drama"
"total  -  Fantasy  -  Croatia",39,"Croatia","total  -  Fantasy"
"total  -  Mystery  -  Croatia",43,"Croatia","total  -  Mystery"
"total  -  Romance  -  Croatia",96,"Croatia","total  -  Romance"
"total  -  Thriller  -  Croatia",66,"Croatia","total  -  Thriller"
"total  -  Action  -  Cyprus",195,"Cyprus","total  -  Action"
"total  -  Adventure  -  Cyprus",126,"Cyprus","total  -  Adventure"
"total  -  Animation  -  Cyprus",47,"Cyprus","total  -  Animation"
"total  -  Comedy  -  Cyprus",190,"Cyprus","total  -  Comedy"
"total  -  Crime  -  Cyprus",131,"Cyprus","total  -  Crime"
"total  -  Drama  -  Cyprus",340,"Cyprus","total  -  Drama"
"total  -  Fantasy  -  Cyprus",44,"Cyprus","total  -  Fantasy"
"total  -  Mystery  -  Cyprus",49,"Cyprus","total  -  Mystery"
"total  -  Romance  -  Cyprus",91,"Cyprus","total  -  Romance"
"total  -  Thriller  -  Cyprus",59,"Cyprus","total  -  Thriller"
"total  -  Action  -  Czech Republic",191,"Czech Republic","total  -  Action"
"total  -  Adventure  -  Czech Republic",150,"Czech Republic","total  -  Adventure"
"total  -  Animation  -  Czech Republic",83,"Czech Republic","total  -  Animation"
"total  -  Comedy  -  Czech Republic",188,"Czech Republic","total  -  Comedy"
"total  -  Crime  -  Czech Republic",128,"Czech Republic","total  -  Crime"
"total  -  Drama  -  Czech Republic",300,"Czech Republic","total  -  Drama"
"total  -  Fantasy  -  Czech Republic",60,"Czech Republic","total  -  Fantasy"
"total  -  Mystery  -  Czech Republic",50,"Czech Republic","total  -  Mystery"
"total  -  Romance  -  Czech Republic",81,"Czech Republic","total  -  Romance"
"total  -  Thriller  -  Czech Republic",48,"Czech Republic","total  -  Thriller"
"total  -  Action  -  Denmark",183,"Denmark","total  -  Action"
"total  -  Adventure  -  Denmark",121,"Denmark","total  -  Adventure"
"total  -  Animation  -  Denmark",56,"Denmark","total  -  Animation"
"total  -  Comedy  -  Denmark",179,"Denmark","total  -  Comedy"
"total  -  Crime  -  Denmark",154,"Denmark","total  -  Crime"
"total  -  Drama  -  Denmark",318,"Denmark","total  -  Drama"
"total  -  Fantasy  -  Denmark",54,"Denmark","total  -  Fantasy"
"total  -  Mystery  -  Denmark",54,"Denmark","total  -  Mystery"
"total  -  Romance  -  Denmark",79,"Denmark","total  -  Romance"
"total  -  Thriller  -  Denmark",65,"Denmark","total  -  Thriller"
"total  -  Action  -  Dominican Republic",173,"Dominican Republic","total  -  Action"
"total  -  Adventure  -  Dominican Republic",108,"Dominican Republic","total  -  Adventure"
"total  -  Animation  -  Dominican Republic",51,"Dominican Republic","total  -  Animation"
"total  -  Comedy  -  Dominican Republic",157,"Dominican Republic","total  -  Comedy"
"total  -  Crime  -  Dominican Republic",123,"Dominican Republic","total  -  Crime"
"total  -  Drama  -  Dominican Republic",277,"Dominican Republic","total  -  Drama"
"total  -  Fantasy  -  Dominican Republic",45,"Dominican Republic","total  -  Fantasy"
"total  -  Mystery  -  Dominican Republic",38,"Dominican Republic","total  -  Mystery"
"total  -  Romance  -  Dominican Republic",79,"Dominican Republic","total  -  Romance"
"total  -  Thriller  -  Dominican Republic",76,"Dominican Republic","total  -  Thriller"
"total  -  Action  -  Ecuador",145,"Ecuador","total  -  Action"
"total  -  Adventure  -  Ecuador",120,"Ecuador","total  -  Adventure"
"total  -  Animation  -  Ecuador",70,"Ecuador","total  -  Animation"
"total  -  Comedy  -  Ecuador",206,"Ecuador","total  -  Comedy"
"total  -  Crime  -  Ecuador",91,"Ecuador","total  -  Crime"
"total  -  Drama  -  Ecuador",262,"Ecuador","total  -  Drama"
"total  -  Fantasy  -  Ecuador",38,"Ecuador","total  -  Fantasy"
"total  -  Mystery  -  Ecuador",35,"Ecuador","total  -  Mystery"
"total  -  Romance  -  Ecuador",105,"Ecuador","total  -  Romance"
"total  -  Thriller  -  Ecuador",71,"Ecuador","total  -  Thriller"
"total  -  Action  -  Egypt",189,"Egypt","total  -  Action"
"total  -  Adventure  -  Egypt",112,"Egypt","total  -  Adventure"
"total  -  Comedy  -  Egypt",186,"Egypt","total  -  Comedy"
"total  -  Crime  -  Egypt",121,"Egypt","total  -  Crime"
"total  -  Drama  -  Egypt",342,"Egypt","total  -  Drama"
"total  -  Fantasy  -  Egypt",51,"Egypt","total  -  Fantasy"
"total  -  Horror  -  Egypt",35,"Egypt","total  -  Horror"
"total  -  Mystery  -  Egypt",48,"Egypt","total  -  Mystery"
"total  -  Romance  -  Egypt",86,"Egypt","total  -  Romance"
"total  -  Thriller  -  Egypt",73,"Egypt","total  -  Thriller"
"total  -  Action  -  El Salvador",134,"El Salvador","total  -  Action"
"total  -  Adventure  -  El Salvador",108,"El Salvador","total  -  Adventure"
"total  -  Animation  -  El Salvador",65,"El Salvador","total  -  Animation"
"total  -  Comedy  -  El Salvador",196,"El Salvador","total  -  Comedy"
"total  -  Crime  -  El Salvador",106,"El Salvador","total  -  Crime"
"total  -  Drama  -  El Salvador",280,"El Salvador","total  -  Drama"
"total  -  Fantasy  -  El Salvador",39,"El Salvador","total  -  Fantasy"
"total  -  Mystery  -  El Salvador",36,"El Salvador","total  -  Mystery"
"total  -  Romance  -  El Salvador",108,"El Salvador","total  -  Romance"
"total  -  Thriller  -  El Salvador",70,"El Salvador","total  -  Thriller"
"total  -  Action  -  Estonia",183,"Estonia","total  -  Action"
"total  -  Adventure  -  Estonia",129,"Estonia","total  -  Adventure"
"total  -  Animation  -  Estonia",52,"Estonia","total  -  Animation"
"total  -  Comedy  -  Estonia",208,"Estonia","total  -  Comedy"
"total  -  Crime  -  Estonia",123,"Estonia","total  -  Crime"
"total  -  Drama  -  Estonia",286,"Estonia","total  -  Drama"
"total  -  Fantasy  -  Estonia",61,"Estonia","total  -  Fantasy"
"total  -  Mystery  -  Estonia",55,"Estonia","total  -  Mystery"
"total  -  Romance  -  Estonia",77,"Estonia","total  -  Romance"
"total  -  Sci Fi  -  Estonia",61,"Estonia","total  -  Sci Fi"
"total  -  Action  -  Finland",198,"Finland","total  -  Action"
"total  -  Adventure  -  Finland",116,"Finland","total  -  Adventure"
"total  -  Animation  -  Finland",56,"Finland","total  -  Animation"
"total  -  Comedy  -  Finland",173,"Finland","total  -  Comedy"
"total  -  Crime  -  Finland",158,"Finland","total  -  Crime"
"total  -  Drama  -  Finland",342,"Finland","total  -  Drama"
"total  -  Fantasy  -  Finland",49,"Finland","total  -  Fantasy"
"total  -  Mystery  -  Finland",54,"Finland","total  -  Mystery"
"total  -  Romance  -  Finland",77,"Finland","total  -  Romance"
"total  -  Thriller  -  Finland",63,"Finland","total  -  Thriller"
"total  -  Action  -  France",203,"France","total  -  Action"
"total  -  Adventure  -  France",138,"France","total  -  Adventure"
"total  -  Animation  -  France",52,"France","total  -  Animation"
"total  -  Comedy  -  France",166,"France","total  -  Comedy"
"total  -  Crime  -  France",161,"France","total  -  Crime"
"total  -  Drama  -  France",333,"France","total  -  Drama"
"total  -  Fantasy  -  France",70,"France","total  -  Fantasy"
"total  -  Romance  -  France",73,"France","total  -  Romance"
"total  -  Sci Fi  -  France",55,"France","total  -  Sci Fi"
"total  -  Thriller  -  France",80,"France","total  -  Thriller"
"total  -  Action  -  Germany",199,"Germany","total  -  Action"
"total  -  Adventure  -  Germany",167,"Germany","total  -  Adventure"
"total  -  Comedy  -  Germany",181,"Germany","total  -  Comedy"
"total  -  Crime  -  Germany",155,"Germany","total  -  Crime"
"total  -  Drama  -  Germany",306,"Germany","total  -  Drama"
"total  -  Family  -  Germany",57,"Germany","total  -  Family"
"total  -  Fantasy  -  Germany",77,"Germany","total  -  Fantasy"
"total  -  Mystery  -  Germany",52,"Germany","total  -  Mystery"
"total  -  Romance  -  Germany",73,"Germany","total  -  Romance"
"total  -  Thriller  -  Germany",80,"Germany","total  -  Thriller"
"total  -  Action  -  Greece",182,"Greece","total  -  Action"
"total  -  Adventure  -  Greece",123,"Greece","total  -  Adventure"
"total  -  Animation  -  Greece",49,"Greece","total  -  Animation"
"total  -  Comedy  -  Greece",170,"Greece","total  -  Comedy"
"total  -  Crime  -  Greece",147,"Greece","total  -  Crime"
"total  -  Drama  -  Greece",341,"Greece","total  -  Drama"
"total  -  Fantasy  -  Greece",61,"Greece","total  -  Fantasy"
"total  -  Mystery  -  Greece",55,"Greece","total  -  Mystery"
"total  -  Romance  -  Greece",86,"Greece","total  -  Romance"
"total  -  Thriller  -  Greece",53,"Greece","total  -  Thriller"
"total  -  Action  -  Guadeloupe",216,"Guadeloupe","total  -  Action"
"total  -  Adventure  -  Guadeloupe",121,"Guadeloupe","total  -  Adventure"
"total  -  Animation  -  Guadeloupe",47,"Guadeloupe","total  -  Animation"
"total  -  Comedy  -  Guadeloupe",152,"Guadeloupe","total  -  Comedy"
"total  -  Crime  -  Guadeloupe",158,"Guadeloupe","total  -  Crime"
"total  -  Drama  -  Guadeloupe",315,"Guadeloupe","total  -  Drama"
"total  -  Fantasy  -  Guadeloupe",57,"Guadeloupe","total  -  Fantasy"
"total  -  Romance  -  Guadeloupe",69,"Guadeloupe","total  -  Romance"
"total  -  Sci Fi  -  Guadeloupe",45,"Guadeloupe","total  -  Sci Fi"
"total  -  Thriller  -  Guadeloupe",76,"Guadeloupe","total  -  Thriller"
"total  -  Action  -  Guatemala",117,"Guatemala","total  -  Action"
"total  -  Adventure  -  Guatemala",105,"Guatemala","total  -  Adventure"
"total  -  Animation  -  Guatemala",64,"Guatemala","total  -  Animation"
"total  -  Comedy  -  Guatemala",208,"Guatemala","total  -  Comedy"
"total  -  Crime  -  Guatemala",99,"Guatemala","total  -  Crime"
"total  -  Drama  -  Guatemala",292,"Guatemala","total  -  Drama"
"total  -  Fantasy  -  Guatemala",37,"Guatemala","total  -  Fantasy"
"total  -  Mystery  -  Guatemala",40,"Guatemala","total  -  Mystery"
"total  -  Romance  -  Guatemala",115,"Guatemala","total  -  Romance"
"total  -  Thriller  -  Guatemala",67,"Guatemala","total  -  Thriller"
"total  -  Action  -  Honduras",130,"Honduras","total  -  Action"
"total  -  Adventure  -  Honduras",92,"Honduras","total  -  Adventure"
"total  -  Animation  -  Honduras",47,"Honduras","total  -  Animation"
"total  -  Comedy  -  Honduras",197,"Honduras","total  -  Comedy"
"total  -  Crime  -  Honduras",109,"Honduras","total  -  Crime"
"total  -  Drama  -  Honduras",298,"Honduras","total  -  Drama"
"total  -  Fantasy  -  Honduras",36,"Honduras","total  -  Fantasy"
"total  -  Mystery  -  Honduras",41,"Honduras","total  -  Mystery"
"total  -  Romance  -  Honduras",120,"Honduras","total  -  Romance"
"total  -  Thriller  -  Honduras",74,"Honduras","total  -  Thriller"
"total  -  Action  -  Hong Kong",238,"Hong Kong","total  -  Action"
"total  -  Adventure  -  Hong Kong",118,"Hong Kong","total  -  Adventure"
"total  -  Comedy  -  Hong Kong",142,"Hong Kong","total  -  Comedy"
"total  -  Crime  -  Hong Kong",120,"Hong Kong","total  -  Crime"
"total  -  Drama  -  Hong Kong",344,"Hong Kong","total  -  Drama"
"total  -  Fantasy  -  Hong Kong",65,"Hong Kong","total  -  Fantasy"
"total  -  Mystery  -  Hong Kong",72,"Hong Kong","total  -  Mystery"
"total  -  Romance  -  Hong Kong",120,"Hong Kong","total  -  Romance"
"total  -  Sci Fi  -  Hong Kong",65,"Hong Kong","total  -  Sci Fi"
"total  -  Thriller  -  Hong Kong",83,"Hong Kong","total  -  Thriller"
"total  -  Action  -  Hungary",184,"Hungary","total  -  Action"
"total  -  Adventure  -  Hungary",125,"Hungary","total  -  Adventure"
"total  -  Animation  -  Hungary",67,"Hungary","total  -  Animation"
"total  -  Comedy  -  Hungary",197,"Hungary","total  -  Comedy"
"total  -  Crime  -  Hungary",144,"Hungary","total  -  Crime"
"total  -  Drama  -  Hungary",321,"Hungary","total  -  Drama"
"total  -  Fantasy  -  Hungary",55,"Hungary","total  -  Fantasy"
"total  -  Mystery  -  Hungary",48,"Hungary","total  -  Mystery"
"total  -  Romance  -  Hungary",99,"Hungary","total  -  Romance"
"total  -  Thriller  -  Hungary",55,"Hungary","total  -  Thriller"
"total  -  Action  -  Iceland",179,"Iceland","total  -  Action"
"total  -  Adventure  -  Iceland",126,"Iceland","total  -  Adventure"
"total  -  Animation  -  Iceland",52,"Iceland","total  -  Animation"
"total  -  Comedy  -  Iceland",189,"Iceland","total  -  Comedy"
"total  -  Crime  -  Iceland",147,"Iceland","total  -  Crime"
"total  -  Drama  -  Iceland",297,"Iceland","total  -  Drama"
"total  -  Mystery  -  Iceland",48,"Iceland","total  -  Mystery"
"total  -  Romance  -  Iceland",71,"Iceland","total  -  Romance"
"total  -  Sci Fi  -  Iceland",52,"Iceland","total  -  Sci Fi"
"total  -  Thriller  -  Iceland",65,"Iceland","total  -  Thriller"
"total  -  Action  -  India",256,"India","total  -  Action"
"total  -  Adventure  -  India",80,"India","total  -  Adventure"
"total  -  Comedy  -  India",172,"India","total  -  Comedy"
"total  -  Crime  -  India",198,"India","total  -  Crime"
"total  -  Drama  -  India",383,"India","total  -  Drama"
"total  -  Fantasy  -  India",52,"India","total  -  Fantasy"
"total  -  Horror  -  India",29,"India","total  -  Horror"
"total  -  Mystery  -  India",67,"India","total  -  Mystery"
"total  -  Romance  -  India",100,"India","total  -  Romance"
"total  -  Thriller  -  India",72,"India","total  -  Thriller"
"total  -  Action  -  Indonesia",190,"Indonesia","total  -  Action"
"total  -  Adventure  -  Indonesia",92,"Indonesia","total  -  Adventure"
"total  -  Comedy  -  Indonesia",180,"Indonesia","total  -  Comedy"
"total  -  Crime  -  Indonesia",134,"Indonesia","total  -  Crime"
"total  -  Drama  -  Indonesia",346,"Indonesia","total  -  Drama"
"total  -  Fantasy  -  Indonesia",59,"Indonesia","total  -  Fantasy"
"total  -  Horror  -  Indonesia",48,"Indonesia","total  -  Horror"
"total  -  Mystery  -  Indonesia",73,"Indonesia","total  -  Mystery"
"total  -  Romance  -  Indonesia",110,"Indonesia","total  -  Romance"
"total  -  Thriller  -  Indonesia",88,"Indonesia","total  -  Thriller"
"total  -  Action  -  Ireland",128,"Ireland","total  -  Action"
"total  -  Adventure  -  Ireland",129,"Ireland","total  -  Adventure"
"total  -  Animation  -  Ireland",68,"Ireland","total  -  Animation"
"total  -  Biography  -  Ireland",35,"Ireland","total  -  Biography"
"total  -  Comedy  -  Ireland",212,"Ireland","total  -  Comedy"
"total  -  Crime  -  Ireland",121,"Ireland","total  -  Crime"
"total  -  Drama  -  Ireland",299,"Ireland","total  -  Drama"
"total  -  Mystery  -  Ireland",39,"Ireland","total  -  Mystery"
"total  -  Romance  -  Ireland",83,"Ireland","total  -  Romance"
"total  -  Thriller  -  Ireland",56,"Ireland","total  -  Thriller"
"total  -  Action  -  Israel",181,"Israel","total  -  Action"
"total  -  Adventure  -  Israel",116,"Israel","total  -  Adventure"
"total  -  Animation  -  Israel",53,"Israel","total  -  Animation"
"total  -  Comedy  -  Israel",179,"Israel","total  -  Comedy"
"total  -  Crime  -  Israel",123,"Israel","total  -  Crime"
"total  -  Drama  -  Israel",329,"Israel","total  -  Drama"
"total  -  Fantasy  -  Israel",34,"Israel","total  -  Fantasy"
"total  -  Mystery  -  Israel",36,"Israel","total  -  Mystery"
"total  -  Romance  -  Israel",86,"Israel","total  -  Romance"
"total  -  Sci Fi  -  Israel",34,"Israel","total  -  Sci Fi"
"total  -  Thriller  -  Israel",78,"Israel","total  -  Thriller"
"total  -  Action  -  Italy",166,"Italy","total  -  Action"
"total  -  Adventure  -  Italy",91,"Italy","total  -  Adventure"
"total  -  Comedy  -  Italy",174,"Italy","total  -  Comedy"
"total  -  Crime  -  Italy",144,"Italy","total  -  Crime"
"total  -  Drama  -  Italy",356,"Italy","total  -  Drama"
"total  -  Fantasy  -  Italy",50,"Italy","total  -  Fantasy"
"total  -  Mystery  -  Italy",67,"Italy","total  -  Mystery"
"total  -  Romance  -  Italy",94,"Italy","total  -  Romance"
"total  -  Sci Fi  -  Italy",37,"Italy","total  -  Sci Fi"
"total  -  Thriller  -  Italy",61,"Italy","total  -  Thriller"
"total  -  Action  -  Jamaica",213,"Jamaica","total  -  Action"
"total  -  Adventure  -  Jamaica",124,"Jamaica","total  -  Adventure"
"total  -  Animation  -  Jamaica",84,"Jamaica","total  -  Animation"
"total  -  Comedy  -  Jamaica",186,"Jamaica","total  -  Comedy"
"total  -  Crime  -  Jamaica",146,"Jamaica","total  -  Crime"
"total  -  Drama  -  Jamaica",286,"Jamaica","total  -  Drama"
"total  -  Family  -  Jamaica",36,"Jamaica","total  -  Family"
"total  -  Fantasy  -  Jamaica",53,"Jamaica","total  -  Fantasy"
"total  -  Mystery  -  Jamaica",36,"Jamaica","total  -  Mystery"
"total  -  Romance  -  Jamaica",75,"Jamaica","total  -  Romance"
"total  -  Thriller  -  Jamaica",99,"Jamaica","total  -  Thriller"
"total  -  Action  -  Japan",214,"Japan","total  -  Action"
"total  -  Adventure  -  Japan",155,"Japan","total  -  Adventure"
"total  -  Animation  -  Japan",92,"Japan","total  -  Animation"
"total  -  Comedy  -  Japan",157,"Japan","total  -  Comedy"
"total  -  Crime  -  Japan",95,"Japan","total  -  Crime"
"total  -  Drama  -  Japan",283,"Japan","total  -  Drama"
"total  -  Fantasy  -  Japan",49,"Japan","total  -  Fantasy"
"total  -  Mystery  -  Japan",42,"Japan","total  -  Mystery"
"total  -  Romance  -  Japan",167,"Japan","total  -  Romance"
"total  -  Thriller  -  Japan",66,"Japan","total  -  Thriller"
"total  -  Action  -  Jordan",200,"Jordan","total  -  Action"
"total  -  Adventure  -  Jordan",101,"Jordan","total  -  Adventure"
"total  -  Comedy  -  Jordan",238,"Jordan","total  -  Comedy"
"total  -  Crime  -  Jordan",125,"Jordan","total  -  Crime"
"total  -  Drama  -  Jordan",374,"Jordan","total  -  Drama"
"total  -  Fantasy  -  Jordan",47,"Jordan","total  -  Fantasy"
"total  -  Horror  -  Jordan",32,"Jordan","total  -  Horror"
"total  -  Mystery  -  Jordan",42,"Jordan","total  -  Mystery"
"total  -  Romance  -  Jordan",79,"Jordan","total  -  Romance"
"total  -  Thriller  -  Jordan",68,"Jordan","total  -  Thriller"
"total  -  Action  -  Kenya",193,"Kenya","total  -  Action"
"total  -  Adventure  -  Kenya",89,"Kenya","total  -  Adventure"
"total  -  Comedy  -  Kenya",187,"Kenya","total  -  Comedy"
"total  -  Crime  -  Kenya",131,"Kenya","total  -  Crime"
"total  -  Drama  -  Kenya",334,"Kenya","total  -  Drama"
"total  -  Fantasy  -  Kenya",42,"Kenya","total  -  Fantasy"
"total  -  Mystery  -  Kenya",51,"Kenya","total  -  Mystery"
"total  -  Romance  -  Kenya",93,"Kenya","total  -  Romance"
"total  -  Sci Fi  -  Kenya",35,"Kenya","total  -  Sci Fi"
"total  -  Thriller  -  Kenya",82,"Kenya","total  -  Thriller"
"total  -  Action  -  Kuwait",214,"Kuwait","total  -  Action"
"total  -  Adventure  -  Kuwait",132,"Kuwait","total  -  Adventure"
"total  -  Animation  -  Kuwait",53,"Kuwait","total  -  Animation"
"total  -  Comedy  -  Kuwait",165,"Kuwait","total  -  Comedy"
"total  -  Crime  -  Kuwait",125,"Kuwait","total  -  Crime"
"total  -  Drama  -  Kuwait",318,"Kuwait","total  -  Drama"
"total  -  Fantasy  -  Kuwait",57,"Kuwait","total  -  Fantasy"
"total  -  Mystery  -  Kuwait",53,"Kuwait","total  -  Mystery"
"total  -  Romance  -  Kuwait",68,"Kuwait","total  -  Romance"
"total  -  Thriller  -  Kuwait",89,"Kuwait","total  -  Thriller"
"total  -  Action  -  Latvia",162,"Latvia","total  -  Action"
"total  -  Adventure  -  Latvia",135,"Latvia","total  -  Adventure"
"total  -  Animation  -  Latvia",80,"Latvia","total  -  Animation"
"total  -  Comedy  -  Latvia",234,"Latvia","total  -  Comedy"
"total  -  Crime  -  Latvia",122,"Latvia","total  -  Crime"
"total  -  Drama  -  Latvia",295,"Latvia","total  -  Drama"
"total  -  Mystery  -  Latvia",59,"Latvia","total  -  Mystery"
"total  -  Romance  -  Latvia",90,"Latvia","total  -  Romance"
"total  -  Sci Fi  -  Latvia",53,"Latvia","total  -  Sci Fi"
"total  -  Thriller  -  Latvia",49,"Latvia","total  -  Thriller"
"total  -  Action  -  Lebanon",195,"Lebanon","total  -  Action"
"total  -  Adventure  -  Lebanon",104,"Lebanon","total  -  Adventure"
"total  -  Comedy  -  Lebanon",188,"Lebanon","total  -  Comedy"
"total  -  Crime  -  Lebanon",141,"Lebanon","total  -  Crime"
"total  -  Drama  -  Lebanon",377,"Lebanon","total  -  Drama"
"total  -  Fantasy  -  Lebanon",60,"Lebanon","total  -  Fantasy"
"total  -  Horror  -  Lebanon",26,"Lebanon","total  -  Horror"
"total  -  Mystery  -  Lebanon",38,"Lebanon","total  -  Mystery"
"total  -  Romance  -  Lebanon",105,"Lebanon","total  -  Romance"
"total  -  Sci Fi  -  Lebanon",26,"Lebanon","total  -  Sci Fi"
"total  -  Thriller  -  Lebanon",76,"Lebanon","total  -  Thriller"
"total  -  Action  -  Lithuania",138,"Lithuania","total  -  Action"
"total  -  Adventure  -  Lithuania",96,"Lithuania","total  -  Adventure"
"total  -  Animation  -  Lithuania",49,"Lithuania","total  -  Animation"
"total  -  Comedy  -  Lithuania",215,"Lithuania","total  -  Comedy"
"total  -  Crime  -  Lithuania",128,"Lithuania","total  -  Crime"
"total  -  Drama  -  Lithuania",296,"Lithuania","total  -  Drama"
"total  -  Fantasy  -  Lithuania",49,"Lithuania","total  -  Fantasy"
"total  -  Mystery  -  Lithuania",45,"Lithuania","total  -  Mystery"
"total  -  Romance  -  Lithuania",98,"Lithuania","total  -  Romance"
"total  -  Thriller  -  Lithuania",51,"Lithuania","total  -  Thriller"
"total  -  Action  -  Luxembourg",172,"Luxembourg","total  -  Action"
"total  -  Adventure  -  Luxembourg",129,"Luxembourg","total  -  Adventure"
"total  -  Animation  -  Luxembourg",54,"Luxembourg","total  -  Animation"
"total  -  Comedy  -  Luxembourg",186,"Luxembourg","total  -  Comedy"
"total  -  Crime  -  Luxembourg",142,"Luxembourg","total  -  Crime"
"total  -  Drama  -  Luxembourg",340,"Luxembourg","total  -  Drama"
"total  -  Fantasy  -  Luxembourg",61,"Luxembourg","total  -  Fantasy"
"total  -  Mystery  -  Luxembourg",46,"Luxembourg","total  -  Mystery"
"total  -  Romance  -  Luxembourg",95,"Luxembourg","total  -  Romance"
"total  -  Thriller  -  Luxembourg",62,"Luxembourg","total  -  Thriller"
"total  -  Action  -  Malaysia",216,"Malaysia","total  -  Action"
"total  -  Adventure  -  Malaysia",116,"Malaysia","total  -  Adventure"
"total  -  Comedy  -  Malaysia",193,"Malaysia","total  -  Comedy"
"total  -  Crime  -  Malaysia",145,"Malaysia","total  -  Crime"
"total  -  Drama  -  Malaysia",324,"Malaysia","total  -  Drama"
"total  -  Fantasy  -  Malaysia",61,"Malaysia","total  -  Fantasy"
"total  -  Horror  -  Malaysia",41,"Malaysia","total  -  Horror"
"total  -  Mystery  -  Malaysia",70,"Malaysia","total  -  Mystery"
"total  -  Romance  -  Malaysia",103,"Malaysia","total  -  Romance"
"total  -  Thriller  -  Malaysia",90,"Malaysia","total  -  Thriller"
"total  -  Action  -  Maldives",185,"Maldives","total  -  Action"
"total  -  Adventure  -  Maldives",99,"Maldives","total  -  Adventure"
"total  -  Animation  -  Maldives",44,"Maldives","total  -  Animation"
"total  -  Comedy  -  Maldives",185,"Maldives","total  -  Comedy"
"total  -  Crime  -  Maldives",146,"Maldives","total  -  Crime"
"total  -  Drama  -  Maldives",317,"Maldives","total  -  Drama"
"total  -  Fantasy  -  Maldives",46,"Maldives","total  -  Fantasy"
"total  -  Mystery  -  Maldives",70,"Maldives","total  -  Mystery"
"total  -  Romance  -  Maldives",103,"Maldives","total  -  Romance"
"total  -  Thriller  -  Maldives",68,"Maldives","total  -  Thriller"
"total  -  Action  -  Malta",164,"Malta","total  -  Action"
"total  -  Adventure  -  Malta",88,"Malta","total  -  Adventure"
"total  -  Comedy  -  Malta",165,"Malta","total  -  Comedy"
"total  -  Crime  -  Malta",142,"Malta","total  -  Crime"
"total  -  Drama  -  Malta",339,"Malta","total  -  Drama"
"total  -  Fantasy  -  Malta",35,"Malta","total  -  Fantasy"
"total  -  Mystery  -  Malta",56,"Malta","total  -  Mystery"
"total  -  Romance  -  Malta",95,"Malta","total  -  Romance"
"total  -  Sci Fi  -  Malta",38,"Malta","total  -  Sci Fi"
"total  -  Thriller  -  Malta",79,"Malta","total  -  Thriller"
"total  -  Action  -  Martinique",214,"Martinique","total  -  Action"
"total  -  Adventure  -  Martinique",122,"Martinique","total  -  Adventure"
"total  -  Animation  -  Martinique",49,"Martinique","total  -  Animation"
"total  -  Comedy  -  Martinique",163,"Martinique","total  -  Comedy"
"total  -  Crime  -  Martinique",156,"Martinique","total  -  Crime"
"total  -  Drama  -  Martinique",322,"Martinique","total  -  Drama"
"total  -  Fantasy  -  Martinique",51,"Martinique","total  -  Fantasy"
"total  -  Romance  -  Martinique",74,"Martinique","total  -  Romance"
"total  -  Sci Fi  -  Martinique",44,"Martinique","total  -  Sci Fi"
"total  -  Thriller  -  Martinique",77,"Martinique","total  -  Thriller"
"total  -  Action  -  Mauritius",200,"Mauritius","total  -  Action"
"total  -  Adventure  -  Mauritius",106,"Mauritius","total  -  Adventure"
"total  -  Comedy  -  Mauritius",196,"Mauritius","total  -  Comedy"
"total  -  Crime  -  Mauritius",136,"Mauritius","total  -  Crime"
"total  -  Drama  -  Mauritius",323,"Mauritius","total  -  Drama"
"total  -  Fantasy  -  Mauritius",51,"Mauritius","total  -  Fantasy"
"total  -  Mystery  -  Mauritius",60,"Mauritius","total  -  Mystery"
"total  -  Romance  -  Mauritius",98,"Mauritius","total  -  Romance"
"total  -  Sci Fi  -  Mauritius",40,"Mauritius","total  -  Sci Fi"
"total  -  Thriller  -  Mauritius",69,"Mauritius","total  -  Thriller"
"total  -  Action  -  Mexico",117,"Mexico","total  -  Action"
"total  -  Adventure  -  Mexico",130,"Mexico","total  -  Adventure"
"total  -  Animation  -  Mexico",87,"Mexico","total  -  Animation"
"total  -  Comedy  -  Mexico",221,"Mexico","total  -  Comedy"
"total  -  Crime  -  Mexico",107,"Mexico","total  -  Crime"
"total  -  Drama  -  Mexico",326,"Mexico","total  -  Drama"
"total  -  Fantasy  -  Mexico",42,"Mexico","total  -  Fantasy"
"total  -  Mystery  -  Mexico",44,"Mexico","total  -  Mystery"
"total  -  Romance  -  Mexico",107,"Mexico","total  -  Romance"
"total  -  Thriller  -  Mexico",69,"Mexico","total  -  Thriller"
"total  -  Action  -  Morocco",242,"Morocco","total  -  Action"
"total  -  Adventure  -  Morocco",100,"Morocco","total  -  Adventure"
"total  -  Comedy  -  Morocco",169,"Morocco","total  -  Comedy"
"total  -  Crime  -  Morocco",194,"Morocco","total  -  Crime"
"total  -  Drama  -  Morocco",365,"Morocco","total  -  Drama"
"total  -  Fantasy  -  Morocco",37,"Morocco","total  -  Fantasy"
"total  -  Horror  -  Morocco",33,"Morocco","total  -  Horror"
"total  -  Mystery  -  Morocco",61,"Morocco","total  -  Mystery"
"total  -  Romance  -  Morocco",75,"Morocco","total  -  Romance"
"total  -  Thriller  -  Morocco",91,"Morocco","total  -  Thriller"
"total  -  Action  -  Netherlands",151,"Netherlands","total  -  Action"
"total  -  Adventure  -  Netherlands",123,"Netherlands","total  -  Adventure"
"total  -  Animation  -  Netherlands",58,"Netherlands","total  -  Animation"
"total  -  Comedy  -  Netherlands",179,"Netherlands","total  -  Comedy"
"total  -  Crime  -  Netherlands",147,"Netherlands","total  -  Crime"
"total  -  Drama  -  Netherlands",335,"Netherlands","total  -  Drama"
"total  -  Fantasy  -  Netherlands",49,"Netherlands","total  -  Fantasy"
"total  -  Mystery  -  Netherlands",50,"Netherlands","total  -  Mystery"
"total  -  Romance  -  Netherlands",88,"Netherlands","total  -  Romance"
"total  -  Thriller  -  Netherlands",69,"Netherlands","total  -  Thriller"
"total  -  Action  -  New Caledonia",259,"New Caledonia","total  -  Action"
"total  -  Adventure  -  New Caledonia",159,"New Caledonia","total  -  Adventure"
"total  -  Animation  -  New Caledonia",65,"New Caledonia","total  -  Animation"
"total  -  Comedy  -  New Caledonia",145,"New Caledonia","total  -  Comedy"
"total  -  Crime  -  New Caledonia",155,"New Caledonia","total  -  Crime"
"total  -  Drama  -  New Caledonia",302,"New Caledonia","total  -  Drama"
"total  -  Fantasy  -  New Caledonia",64,"New Caledonia","total  -  Fantasy"
"total  -  Romance  -  New Caledonia",56,"New Caledonia","total  -  Romance"
"total  -  Sci Fi  -  New Caledonia",52,"New Caledonia","total  -  Sci Fi"
"total  -  Thriller  -  New Caledonia",75,"New Caledonia","total  -  Thriller"
"total  -  Action  -  New Zealand",189,"New Zealand","total  -  Action"
"total  -  Adventure  -  New Zealand",123,"New Zealand","total  -  Adventure"
"total  -  Animation  -  New Zealand",69,"New Zealand","total  -  Animation"
"total  -  Comedy  -  New Zealand",170,"New Zealand","total  -  Comedy"
"total  -  Crime  -  New Zealand",139,"New Zealand","total  -  Crime"
"total  -  Drama  -  New Zealand",295,"New Zealand","total  -  Drama"
"total  -  Fantasy  -  New Zealand",40,"New Zealand","total  -  Fantasy"
"total  -  Mystery  -  New Zealand",49,"New Zealand","total  -  Mystery"
"total  -  Romance  -  New Zealand",62,"New Zealand","total  -  Romance"
"total  -  Thriller  -  New Zealand",71,"New Zealand","total  -  Thriller"
"total  -  Action  -  Nicaragua",131,"Nicaragua","total  -  Action"
"total  -  Adventure  -  Nicaragua",84,"Nicaragua","total  -  Adventure"
"total  -  Animation  -  Nicaragua",43,"Nicaragua","total  -  Animation"
"total  -  Comedy  -  Nicaragua",192,"Nicaragua","total  -  Comedy"
"total  -  Crime  -  Nicaragua",103,"Nicaragua","total  -  Crime"
"total  -  Drama  -  Nicaragua",302,"Nicaragua","total  -  Drama"
"total  -  Fantasy  -  Nicaragua",37,"Nicaragua","total  -  Fantasy"
"total  -  Mystery  -  Nicaragua",42,"Nicaragua","total  -  Mystery"
"total  -  Romance  -  Nicaragua",121,"Nicaragua","total  -  Romance"
"total  -  Thriller  -  Nicaragua",77,"Nicaragua","total  -  Thriller"
"total  -  Action  -  Nigeria",173,"Nigeria","total  -  Action"
"total  -  Adventure  -  Nigeria",63,"Nigeria","total  -  Adventure"
"total  -  Comedy  -  Nigeria",146,"Nigeria","total  -  Comedy"
"total  -  Crime  -  Nigeria",132,"Nigeria","total  -  Crime"
"total  -  Drama  -  Nigeria",357,"Nigeria","total  -  Drama"
"total  -  Fantasy  -  Nigeria",45,"Nigeria","total  -  Fantasy"
"total  -  Mystery  -  Nigeria",65,"Nigeria","total  -  Mystery"
"total  -  Romance  -  Nigeria",114,"Nigeria","total  -  Romance"
"total  -  Sci Fi  -  Nigeria",40,"Nigeria","total  -  Sci Fi"
"total  -  Thriller  -  Nigeria",60,"Nigeria","total  -  Thriller"
"total  -  Action  -  Norway",179,"Norway","total  -  Action"
"total  -  Adventure  -  Norway",119,"Norway","total  -  Adventure"
"total  -  Animation  -  Norway",49,"Norway","total  -  Animation"
"total  -  Comedy  -  Norway",171,"Norway","total  -  Comedy"
"total  -  Crime  -  Norway",151,"Norway","total  -  Crime"
"total  -  Drama  -  Norway",344,"Norway","total  -  Drama"
"total  -  Fantasy  -  Norway",54,"Norway","total  -  Fantasy"
"total  -  Mystery  -  Norway",47,"Norway","total  -  Mystery"
"total  -  Romance  -  Norway",83,"Norway","total  -  Romance"
"total  -  Thriller  -  Norway",59,"Norway","total  -  Thriller"
"total  -  Action  -  Oman",192,"Oman","total  -  Action"
"total  -  Adventure  -  Oman",104,"Oman","total  -  Adventure"
"total  -  Comedy  -  Oman",120,"Oman","total  -  Comedy"
"total  -  Crime  -  Oman",118,"Oman","total  -  Crime"
"total  -  Drama  -  Oman",272,"Oman","total  -  Drama"
"total  -  Fantasy  -  Oman",52,"Oman","total  -  Fantasy"
"total  -  Horror  -  Oman",36,"Oman","total  -  Horror"
"total  -  Mystery  -  Oman",46,"Oman","total  -  Mystery"
"total  -  Romance  -  Oman",57,"Oman","total  -  Romance"
"total  -  Thriller  -  Oman",78,"Oman","total  -  Thriller"
"total  -  Action  -  Pakistan",284,"Pakistan","total  -  Action"
"total  -  Adventure  -  Pakistan",102,"Pakistan","total  -  Adventure"
"total  -  Comedy  -  Pakistan",143,"Pakistan","total  -  Comedy"
"total  -  Crime  -  Pakistan",222,"Pakistan","total  -  Crime"
"total  -  Drama  -  Pakistan",367,"Pakistan","total  -  Drama"
"total  -  Fantasy  -  Pakistan",42,"Pakistan","total  -  Fantasy"
"total  -  Mystery  -  Pakistan",86,"Pakistan","total  -  Mystery"
"total  -  Romance  -  Pakistan",65,"Pakistan","total  -  Romance"
"total  -  Sci Fi  -  Pakistan",45,"Pakistan","total  -  Sci Fi"
"total  -  Thriller  -  Pakistan",89,"Pakistan","total  -  Thriller"
"total  -  Action  -  Panama",141,"Panama","total  -  Action"
"total  -  Adventure  -  Panama",110,"Panama","total  -  Adventure"
"total  -  Animation  -  Panama",63,"Panama","total  -  Animation"
"total  -  Comedy  -  Panama",195,"Panama","total  -  Comedy"
"total  -  Crime  -  Panama",125,"Panama","total  -  Crime"
"total  -  Drama  -  Panama",317,"Panama","total  -  Drama"
"total  -  Fantasy  -  Panama",40,"Panama","total  -  Fantasy"
"total  -  Mystery  -  Panama",37,"Panama","total  -  Mystery"
"total  -  Romance  -  Panama",119,"Panama","total  -  Romance"
"total  -  Thriller  -  Panama",80,"Panama","total  -  Thriller"
"total  -  Action  -  Paraguay",133,"Paraguay","total  -  Action"
"total  -  Adventure  -  Paraguay",101,"Paraguay","total  -  Adventure"
"total  -  Animation  -  Paraguay",54,"Paraguay","total  -  Animation"
"total  -  Comedy  -  Paraguay",202,"Paraguay","total  -  Comedy"
"total  -  Crime  -  Paraguay",117,"Paraguay","total  -  Crime"
"total  -  Drama  -  Paraguay",324,"Paraguay","total  -  Drama"
"total  -  Fantasy  -  Paraguay",31,"Paraguay","total  -  Fantasy"
"total  -  Mystery  -  Paraguay",46,"Paraguay","total  -  Mystery"
"total  -  Romance  -  Paraguay",122,"Paraguay","total  -  Romance"
"total  -  Thriller  -  Paraguay",81,"Paraguay","total  -  Thriller"
"total  -  Action  -  Peru",158,"Peru","total  -  Action"
"total  -  Adventure  -  Peru",122,"Peru","total  -  Adventure"
"total  -  Animation  -  Peru",67,"Peru","total  -  Animation"
"total  -  Comedy  -  Peru",191,"Peru","total  -  Comedy"
"total  -  Crime  -  Peru",108,"Peru","total  -  Crime"
"total  -  Drama  -  Peru",285,"Peru","total  -  Drama"
"total  -  Fantasy  -  Peru",42,"Peru","total  -  Fantasy"
"total  -  Mystery  -  Peru",40,"Peru","total  -  Mystery"
"total  -  Romance  -  Peru",111,"Peru","total  -  Romance"
"total  -  Thriller  -  Peru",74,"Peru","total  -  Thriller"
"total  -  Action  -  Philippines",197,"Philippines","total  -  Action"
"total  -  Adventure  -  Philippines",98,"Philippines","total  -  Adventure"
"total  -  Comedy  -  Philippines",141,"Philippines","total  -  Comedy"
"total  -  Crime  -  Philippines",109,"Philippines","total  -  Crime"
"total  -  Drama  -  Philippines",334,"Philippines","total  -  Drama"
"total  -  Fantasy  -  Philippines",53,"Philippines","total  -  Fantasy"
"total  -  Mystery  -  Philippines",60,"Philippines","total  -  Mystery"
"total  -  Romance  -  Philippines",104,"Philippines","total  -  Romance"
"total  -  Sci Fi  -  Philippines",50,"Philippines","total  -  Sci Fi"
"total  -  Thriller  -  Philippines",95,"Philippines","total  -  Thriller"
"total  -  Action  -  Poland",144,"Poland","total  -  Action"
"total  -  Adventure  -  Poland",168,"Poland","total  -  Adventure"
"total  -  Animation  -  Poland",101,"Poland","total  -  Animation"
"total  -  Comedy  -  Poland",210,"Poland","total  -  Comedy"
"total  -  Crime  -  Poland",126,"Poland","total  -  Crime"
"total  -  Drama  -  Poland",311,"Poland","total  -  Drama"
"total  -  Fantasy  -  Poland",53,"Poland","total  -  Fantasy"
"total  -  Mystery  -  Poland",53,"Poland","total  -  Mystery"
"total  -  Romance  -  Poland",76,"Poland","total  -  Romance"
"total  -  Thriller  -  Poland",69,"Poland","total  -  Thriller"
"total  -  Action  -  Portugal",161,"Portugal","total  -  Action"
"total  -  Adventure  -  Portugal",100,"Portugal","total  -  Adventure"
"total  -  Comedy  -  Portugal",170,"Portugal","total  -  Comedy"
"total  -  Crime  -  Portugal",108,"Portugal","total  -  Crime"
"total  -  Drama  -  Portugal",316,"Portugal","total  -  Drama"
"total  -  Family  -  Portugal",45,"Portugal","total  -  Family"
"total  -  Fantasy  -  Portugal",40,"Portugal","total  -  Fantasy"
"total  -  Music  -  Portugal",53,"Portugal","total  -  Music"
"total  -  Romance  -  Portugal",95,"Portugal","total  -  Romance"
"total  -  Thriller  -  Portugal",70,"Portugal","total  -  Thriller"
"total  -  Action  -  Qatar",206,"Qatar","total  -  Action"
"total  -  Adventure  -  Qatar",123,"Qatar","total  -  Adventure"
"total  -  Comedy  -  Qatar",155,"Qatar","total  -  Comedy"
"total  -  Crime  -  Qatar",128,"Qatar","total  -  Crime"
"total  -  Drama  -  Qatar",337,"Qatar","total  -  Drama"
"total  -  Fantasy  -  Qatar",59,"Qatar","total  -  Fantasy"
"total  -  Horror  -  Qatar",32,"Qatar","total  -  Horror"
"total  -  Mystery  -  Qatar",48,"Qatar","total  -  Mystery"
"total  -  Romance  -  Qatar",105,"Qatar","total  -  Romance"
"total  -  Thriller  -  Qatar",81,"Qatar","total  -  Thriller"
"total  -  Action  -  Réunion",210,"Réunion","total  -  Action"
"total  -  Adventure  -  Réunion",128,"Réunion","total  -  Adventure"
"total  -  Animation  -  Réunion",59,"Réunion","total  -  Animation"
"total  -  Comedy  -  Réunion",172,"Réunion","total  -  Comedy"
"total  -  Crime  -  Réunion",138,"Réunion","total  -  Crime"
"total  -  Drama  -  Réunion",330,"Réunion","total  -  Drama"
"total  -  Fantasy  -  Réunion",64,"Réunion","total  -  Fantasy"
"total  -  Romance  -  Réunion",75,"Réunion","total  -  Romance"
"total  -  Sci Fi  -  Réunion",51,"Réunion","total  -  Sci Fi"
"total  -  Thriller  -  Réunion",68,"Réunion","total  -  Thriller"
"total  -  Action  -  Romania",169,"Romania","total  -  Action"
"total  -  Adventure  -  Romania",100,"Romania","total  -  Adventure"
"total  -  Comedy  -  Romania",160,"Romania","total  -  Comedy"
"total  -  Crime  -  Romania",139,"Romania","total  -  Crime"
"total  -  Drama  -  Romania",357,"Romania","total  -  Drama"
"total  -  Fantasy  -  Romania",51,"Romania","total  -  Fantasy"
"total  -  Horror  -  Romania",28,"Romania","total  -  Horror"
"total  -  Mystery  -  Romania",68,"Romania","total  -  Mystery"
"total  -  Romance  -  Romania",104,"Romania","total  -  Romance"
"total  -  Thriller  -  Romania",82,"Romania","total  -  Thriller"
"total  -  Action  -  Russia",249,"Russia","total  -  Action"
"total  -  Adventure  -  Russia",134,"Russia","total  -  Adventure"
"total  -  Animation  -  Russia",59,"Russia","total  -  Animation"
"total  -  Comedy  -  Russia",185,"Russia","total  -  Comedy"
"total  -  Crime  -  Russia",201,"Russia","total  -  Crime"
"total  -  Drama  -  Russia",343,"Russia","total  -  Drama"
"total  -  Fantasy  -  Russia",50,"Russia","total  -  Fantasy"
"total  -  Mystery  -  Russia",47,"Russia","total  -  Mystery"
"total  -  Romance  -  Russia",73,"Russia","total  -  Romance"
"total  -  Thriller  -  Russia",66,"Russia","total  -  Thriller"
"total  -  Action  -  Saudi Arabia",230,"Saudi Arabia","total  -  Action"
"total  -  Adventure  -  Saudi Arabia",99,"Saudi Arabia","total  -  Adventure"
"total  -  Comedy  -  Saudi Arabia",149,"Saudi Arabia","total  -  Comedy"
"total  -  Crime  -  Saudi Arabia",159,"Saudi Arabia","total  -  Crime"
"total  -  Drama  -  Saudi Arabia",336,"Saudi Arabia","total  -  Drama"
"total  -  Fantasy  -  Saudi Arabia",48,"Saudi Arabia","total  -  Fantasy"
"total  -  Horror  -  Saudi Arabia",43,"Saudi Arabia","total  -  Horror"
"total  -  Mystery  -  Saudi Arabia",53,"Saudi Arabia","total  -  Mystery"
"total  -  Romance  -  Saudi Arabia",74,"Saudi Arabia","total  -  Romance"
"total  -  Thriller  -  Saudi Arabia",90,"Saudi Arabia","total  -  Thriller"
"total  -  Action  -  Serbia",204,"Serbia","total  -  Action"
"total  -  Adventure  -  Serbia",114,"Serbia","total  -  Adventure"
"total  -  Animation  -  Serbia",38,"Serbia","total  -  Animation"
"total  -  Comedy  -  Serbia",184,"Serbia","total  -  Comedy"
"total  -  Crime  -  Serbia",148,"Serbia","total  -  Crime"
"total  -  Drama  -  Serbia",322,"Serbia","total  -  Drama"
"total  -  Fantasy  -  Serbia",44,"Serbia","total  -  Fantasy"
"total  -  Mystery  -  Serbia",44,"Serbia","total  -  Mystery"
"total  -  Romance  -  Serbia",98,"Serbia","total  -  Romance"
"total  -  Thriller  -  Serbia",77,"Serbia","total  -  Thriller"
"total  -  Action  -  Singapore",213,"Singapore","total  -  Action"
"total  -  Adventure  -  Singapore",107,"Singapore","total  -  Adventure"
"total  -  Comedy  -  Singapore",157,"Singapore","total  -  Comedy"
"total  -  Crime  -  Singapore",117,"Singapore","total  -  Crime"
"total  -  Drama  -  Singapore",330,"Singapore","total  -  Drama"
"total  -  Fantasy  -  Singapore",53,"Singapore","total  -  Fantasy"
"total  -  Mystery  -  Singapore",74,"Singapore","total  -  Mystery"
"total  -  Romance  -  Singapore",92,"Singapore","total  -  Romance"
"total  -  Sci Fi  -  Singapore",51,"Singapore","total  -  Sci Fi"
"total  -  Thriller  -  Singapore",90,"Singapore","total  -  Thriller"
"total  -  Action  -  Slovakia",184,"Slovakia","total  -  Action"
"total  -  Adventure  -  Slovakia",135,"Slovakia","total  -  Adventure"
"total  -  Animation  -  Slovakia",72,"Slovakia","total  -  Animation"
"total  -  Comedy  -  Slovakia",194,"Slovakia","total  -  Comedy"
"total  -  Crime  -  Slovakia",133,"Slovakia","total  -  Crime"
"total  -  Drama  -  Slovakia",308,"Slovakia","total  -  Drama"
"total  -  Fantasy  -  Slovakia",47,"Slovakia","total  -  Fantasy"
"total  -  Mystery  -  Slovakia",43,"Slovakia","total  -  Mystery"
"total  -  Romance  -  Slovakia",86,"Slovakia","total  -  Romance"
"total  -  Thriller  -  Slovakia",53,"Slovakia","total  -  Thriller"
"total  -  Action  -  Slovenia",179,"Slovenia","total  -  Action"
"total  -  Adventure  -  Slovenia",115,"Slovenia","total  -  Adventure"
"total  -  Animation  -  Slovenia",42,"Slovenia","total  -  Animation"
"total  -  Comedy  -  Slovenia",190,"Slovenia","total  -  Comedy"
"total  -  Crime  -  Slovenia",110,"Slovenia","total  -  Crime"
"total  -  Drama  -  Slovenia",279,"Slovenia","total  -  Drama"
"total  -  Fantasy  -  Slovenia",48,"Slovenia","total  -  Fantasy"
"total  -  Mystery  -  Slovenia",38,"Slovenia","total  -  Mystery"
"total  -  Romance  -  Slovenia",84,"Slovenia","total  -  Romance"
"total  -  Thriller  -  Slovenia",54,"Slovenia","total  -  Thriller"
"total  -  Action  -  South Africa",175,"South Africa","total  -  Action"
"total  -  Adventure  -  South Africa",100,"South Africa","total  -  Adventure"
"total  -  Animation  -  South Africa",45,"South Africa","total  -  Animation"
"total  -  Comedy  -  South Africa",193,"South Africa","total  -  Comedy"
"total  -  Crime  -  South Africa",110,"South Africa","total  -  Crime"
"total  -  Drama  -  South Africa",329,"South Africa","total  -  Drama"
"total  -  Mystery  -  South Africa",60,"South Africa","total  -  Mystery"
"total  -  Romance  -  South Africa",93,"South Africa","total  -  Romance"
"total  -  Sci Fi  -  South Africa",51,"South Africa","total  -  Sci Fi"
"total  -  Thriller  -  South Africa",62,"South Africa","total  -  Thriller"
"total  -  Action  -  South Korea",181,"South Korea","total  -  Action"
"total  -  Adventure  -  South Korea",76,"South Korea","total  -  Adventure"
"total  -  Comedy  -  South Korea",149,"South Korea","total  -  Comedy"
"total  -  Crime  -  South Korea",89,"South Korea","total  -  Crime"
"total  -  Drama  -  South Korea",320,"South Korea","total  -  Drama"
"total  -  Fantasy  -  South Korea",59,"South Korea","total  -  Fantasy"
"total  -  Horror  -  South Korea",49,"South Korea","total  -  Horror"
"total  -  Mystery  -  South Korea",41,"South Korea","total  -  Mystery"
"total  -  Romance  -  South Korea",111,"South Korea","total  -  Romance"
"total  -  Thriller  -  South Korea",95,"South Korea","total  -  Thriller"
"total  -  Action  -  Spain",170,"Spain","total  -  Action"
"total  -  Adventure  -  Spain",105,"Spain","total  -  Adventure"
"total  -  Comedy  -  Spain",176,"Spain","total  -  Comedy"
"total  -  Crime  -  Spain",130,"Spain","total  -  Crime"
"total  -  Drama  -  Spain",322,"Spain","total  -  Drama"
"total  -  Fantasy  -  Spain",43,"Spain","total  -  Fantasy"
"total  -  Horror  -  Spain",33,"Spain","total  -  Horror"
"total  -  Mystery  -  Spain",46,"Spain","total  -  Mystery"
"total  -  Romance  -  Spain",123,"Spain","total  -  Romance"
"total  -  Thriller  -  Spain",63,"Spain","total  -  Thriller"
"total  -  Action  -  Sri Lanka",185,"Sri Lanka","total  -  Action"
"total  -  Adventure  -  Sri Lanka",82,"Sri Lanka","total  -  Adventure"
"total  -  Comedy  -  Sri Lanka",173,"Sri Lanka","total  -  Comedy"
"total  -  Crime  -  Sri Lanka",138,"Sri Lanka","total  -  Crime"
"total  -  Drama  -  Sri Lanka",364,"Sri Lanka","total  -  Drama"
"total  -  Fantasy  -  Sri Lanka",43,"Sri Lanka","total  -  Fantasy"
"total  -  Mystery  -  Sri Lanka",76,"Sri Lanka","total  -  Mystery"
"total  -  Romance  -  Sri Lanka",112,"Sri Lanka","total  -  Romance"
"total  -  Sci Fi  -  Sri Lanka",41,"Sri Lanka","total  -  Sci Fi"
"total  -  Thriller  -  Sri Lanka",68,"Sri Lanka","total  -  Thriller"
"total  -  Action  -  Sweden",184,"Sweden","total  -  Action"
"total  -  Adventure  -  Sweden",130,"Sweden","total  -  Adventure"
"total  -  Animation  -  Sweden",58,"Sweden","total  -  Animation"
"total  -  Comedy  -  Sweden",168,"Sweden","total  -  Comedy"
"total  -  Crime  -  Sweden",143,"Sweden","total  -  Crime"
"total  -  Drama  -  Sweden",339,"Sweden","total  -  Drama"
"total  -  Fantasy  -  Sweden",57,"Sweden","total  -  Fantasy"
"total  -  Mystery  -  Sweden",53,"Sweden","total  -  Mystery"
"total  -  Romance  -  Sweden",81,"Sweden","total  -  Romance"
"total  -  Thriller  -  Sweden",60,"Sweden","total  -  Thriller"
"total  -  Action  -  Switzerland",186,"Switzerland","total  -  Action"
"total  -  Adventure  -  Switzerland",130,"Switzerland","total  -  Adventure"
"total  -  Comedy  -  Switzerland",186,"Switzerland","total  -  Comedy"
"total  -  Crime  -  Switzerland",164,"Switzerland","total  -  Crime"
"total  -  Drama  -  Switzerland",329,"Switzerland","total  -  Drama"
"total  -  Family  -  Switzerland",44,"Switzerland","total  -  Family"
"total  -  Fantasy  -  Switzerland",65,"Switzerland","total  -  Fantasy"
"total  -  Mystery  -  Switzerland",54,"Switzerland","total  -  Mystery"
"total  -  Romance  -  Switzerland",90,"Switzerland","total  -  Romance"
"total  -  Thriller  -  Switzerland",66,"Switzerland","total  -  Thriller"
"total  -  Action  -  Taiwan",197,"Taiwan","total  -  Action"
"total  -  Adventure  -  Taiwan",97,"Taiwan","total  -  Adventure"
"total  -  Comedy  -  Taiwan",158,"Taiwan","total  -  Comedy"
"total  -  Crime  -  Taiwan",107,"Taiwan","total  -  Crime"
"total  -  Drama  -  Taiwan",368,"Taiwan","total  -  Drama"
"total  -  Fantasy  -  Taiwan",62,"Taiwan","total  -  Fantasy"
"total  -  Mystery  -  Taiwan",81,"Taiwan","total  -  Mystery"
"total  -  Romance  -  Taiwan",152,"Taiwan","total  -  Romance"
"total  -  Sci Fi  -  Taiwan",40,"Taiwan","total  -  Sci Fi"
"total  -  Thriller  -  Taiwan",67,"Taiwan","total  -  Thriller"
"total  -  Action  -  Thailand",211,"Thailand","total  -  Action"
"total  -  Adventure  -  Thailand",155,"Thailand","total  -  Adventure"
"total  -  Animation  -  Thailand",47,"Thailand","total  -  Animation"
"total  -  Comedy  -  Thailand",201,"Thailand","total  -  Comedy"
"total  -  Crime  -  Thailand",109,"Thailand","total  -  Crime"
"total  -  Drama  -  Thailand",277,"Thailand","total  -  Drama"
"total  -  Fantasy  -  Thailand",68,"Thailand","total  -  Fantasy"
"total  -  Mystery  -  Thailand",58,"Thailand","total  -  Mystery"
"total  -  Romance  -  Thailand",133,"Thailand","total  -  Romance"
"total  -  Sci Fi  -  Thailand",47,"Thailand","total  -  Sci Fi"
"total  -  Thriller  -  Thailand",81,"Thailand","total  -  Thriller"
"total  -  Action  -  Trinidad and Tobago",191,"Trinidad and Tobago","total  -  Action"
"total  -  Adventure  -  Trinidad and Tobago",114,"Trinidad and Tobago","total  -  Adventure"
"total  -  Animation  -  Trinidad and Tobago",58,"Trinidad and Tobago","total  -  Animation"
"total  -  Comedy  -  Trinidad and Tobago",173,"Trinidad and Tobago","total  -  Comedy"
"total  -  Crime  -  Trinidad and Tobago",149,"Trinidad and Tobago","total  -  Crime"
"total  -  Drama  -  Trinidad and Tobago",304,"Trinidad and Tobago","total  -  Drama"
"total  -  Fantasy  -  Trinidad and Tobago",49,"Trinidad and Tobago","total  -  Fantasy"
"total  -  Mystery  -  Trinidad and Tobago",42,"Trinidad and Tobago","total  -  Mystery"
"total  -  Romance  -  Trinidad and Tobago",82,"Trinidad and Tobago","total  -  Romance"
"total  -  Thriller  -  Trinidad and Tobago",99,"Trinidad and Tobago","total  -  Thriller"
"total  -  Action  -  Turkey",207,"Turkey","total  -  Action"
"total  -  Adventure  -  Turkey",110,"Turkey","total  -  Adventure"
"total  -  Comedy  -  Turkey",152,"Turkey","total  -  Comedy"
"total  -  Crime  -  Turkey",145,"Turkey","total  -  Crime"
"total  -  Drama  -  Turkey",366,"Turkey","total  -  Drama"
"total  -  Fantasy  -  Turkey",79,"Turkey","total  -  Fantasy"
"total  -  Horror  -  Turkey",43,"Turkey","total  -  Horror"
"total  -  Mystery  -  Turkey",62,"Turkey","total  -  Mystery"
"total  -  Romance  -  Turkey",107,"Turkey","total  -  Romance"
"total  -  Thriller  -  Turkey",83,"Turkey","total  -  Thriller"
"total  -  Action  -  Ukraine",220,"Ukraine","total  -  Action"
"total  -  Adventure  -  Ukraine",141,"Ukraine","total  -  Adventure"
"total  -  Animation  -  Ukraine",67,"Ukraine","total  -  Animation"
"total  -  Comedy  -  Ukraine",195,"Ukraine","total  -  Comedy"
"total  -  Crime  -  Ukraine",165,"Ukraine","total  -  Crime"
"total  -  Drama  -  Ukraine",334,"Ukraine","total  -  Drama"
"total  -  Fantasy  -  Ukraine",44,"Ukraine","total  -  Fantasy"
"total  -  Mystery  -  Ukraine",43,"Ukraine","total  -  Mystery"
"total  -  Romance  -  Ukraine",79,"Ukraine","total  -  Romance"
"total  -  Thriller  -  Ukraine",69,"Ukraine","total  -  Thriller"
"total  -  Action  -  United Arab Emirates",202,"United Arab Emirates","total  -  Action"
"total  -  Adventure  -  United Arab Emirates",124,"United Arab Emirates","total  -  Adventure"
"total  -  Animation  -  United Arab Emirates",35,"United Arab Emirates","total  -  Animation"
"total  -  Comedy  -  United Arab Emirates",168,"United Arab Emirates","total  -  Comedy"
"total  -  Crime  -  United Arab Emirates",134,"United Arab Emirates","total  -  Crime"
"total  -  Drama  -  United Arab Emirates",343,"United Arab Emirates","total  -  Drama"
"total  -  Fantasy  -  United Arab Emirates",59,"United Arab Emirates","total  -  Fantasy"
"total  -  Mystery  -  United Arab Emirates",46,"United Arab Emirates","total  -  Mystery"
"total  -  Romance  -  United Arab Emirates",106,"United Arab Emirates","total  -  Romance"
"total  -  Thriller  -  United Arab Emirates",75,"United Arab Emirates","total  -  Thriller"
"total  -  Action  -  United Kingdom",169,"United Kingdom","total  -  Action"
"total  -  Adventure  -  United Kingdom",144,"United Kingdom","total  -  Adventure"
"total  -  Animation  -  United Kingdom",59,"United Kingdom","total  -  Animation"
"total  -  Comedy  -  United Kingdom",216,"United Kingdom","total  -  Comedy"
"total  -  Crime  -  United Kingdom",108,"United Kingdom","total  -  Crime"
"total  -  Drama  -  United Kingdom",285,"United Kingdom","total  -  Drama"
"total  -  Fantasy  -  United Kingdom",48,"United Kingdom","total  -  Fantasy"
"total  -  Mystery  -  United Kingdom",40,"United Kingdom","total  -  Mystery"
"total  -  Romance  -  United Kingdom",78,"United Kingdom","total  -  Romance"
"total  -  Thriller  -  United Kingdom",62,"United Kingdom","total  -  Thriller"
"total  -  Action  -  United States",149,"United States","total  -  Action"
"total  -  Adventure  -  United States",113,"United States","total  -  Adventure"
"total  -  Animation  -  United States",51,"United States","total  -  Animation"
"total  -  Comedy  -  United States",166,"United States","total  -  Comedy"
"total  -  Crime  -  United States",105,"United States","total  -  Crime"
"total  -  Drama  -  United States",281,"United States","total  -  Drama"
"total  -  Fantasy  -  United States",39,"United States","total  -  Fantasy"
"total  -  Mystery  -  United States",55,"United States","total  -  Mystery"
"total  -  Romance  -  United States",62,"United States","total  -  Romance"
"total  -  Thriller  -  United States",57,"United States","total  -  Thriller"
"total  -  Action  -  Uruguay",131,"Uruguay","total  -  Action"
"total  -  Adventure  -  Uruguay",105,"Uruguay","total  -  Adventure"
"total  -  Animation  -  Uruguay",49,"Uruguay","total  -  Animation"
"total  -  Comedy  -  Uruguay",171,"Uruguay","total  -  Comedy"
"total  -  Crime  -  Uruguay",153,"Uruguay","total  -  Crime"
"total  -  Drama  -  Uruguay",368,"Uruguay","total  -  Drama"
"total  -  Music  -  Uruguay",35,"Uruguay","total  -  Music"
"total  -  Mystery  -  Uruguay",55,"Uruguay","total  -  Mystery"
"total  -  Romance  -  Uruguay",87,"Uruguay","total  -  Romance"
"total  -  Thriller  -  Uruguay",90,"Uruguay","total  -  Thriller"
"total  -  Action  -  Venezuela",131,"Venezuela","total  -  Action"
"total  -  Adventure  -  Venezuela",81,"Venezuela","total  -  Adventure"
"total  -  Animation  -  Venezuela",39,"Venezuela","total  -  Animation"
"total  -  Comedy  -  Venezuela",180,"Venezuela","total  -  Comedy"
"total  -  Crime  -  Venezuela",121,"Venezuela","total  -  Crime"
"total  -  Drama  -  Venezuela",316,"Venezuela","total  -  Drama"
"total  -  Fantasy  -  Venezuela",32,"Venezuela","total  -  Fantasy"
"total  -  Mystery  -  Venezuela",41,"Venezuela","total  -  Mystery"
"total  -  Romance  -  Venezuela",121,"Venezuela","total  -  Romance"
"total  -  Thriller  -  Venezuela",89,"Venezuela","total  -  Thriller"
"total  -  Action  -  Vietnam",240,"Vietnam","total  -  Action"
"total  -  Adventure  -  Vietnam",141,"Vietnam","total  -  Adventure"
"total  -  Comedy  -  Vietnam",238,"Vietnam","total  -  Comedy"
"total  -  Crime  -  Vietnam",125,"Vietnam","total  -  Crime"
"total  -  Drama  -  Vietnam",351,"Vietnam","total  -  Drama"
"total  -  Fantasy  -  Vietnam",72,"Vietnam","total  -  Fantasy"
"total  -  Mystery  -  Vietnam",62,"Vietnam","total  -  Mystery"
"total  -  Romance  -  Vietnam",122,"Vietnam","total  -  Romance"
"total  -  Sci Fi  -  Vietnam",49,"Vietnam","total  -  Sci Fi"
"total  -  Thriller  -  Vietnam",92,"Vietnam","total  -  Thriller"
